title,year
The Mortuary Collection,2019
Random Acts of Violence,2019
Marooned,1969
The Netflix Afterparty The Best Shows of the Worst Year,2020
Sylvia,2003
Pennies from Heaven,1981
Communion,1989
No Safe Spaces,2019
Whisky Galore!,1949
400 Bullets,2021
How to Eat Your Watermelon in White Company,2005
From the Hip,1987
 Enforcement,2020
Mentally Apart,2020
 Winter Nomads,2012
Beyond Borders,2021
 Partner,1968
 The Mummy's Revenge,1975
 The Miracle Fighters,1982
San Francisco,1936
 The Stronghold,2017
The Mambo Kings,1992
 Oma maa,2018
Ulzana's Raid,1972
Project: Kill,1976
 Violence Voyager,2018
 L'enfant secret,1979
 I Can Quit Whenever I Want: Ad Honorem,2017
 Alive,2002
 A Choo,2020
 Guns of Nevada,1965
 Empire of the Wolves,2005
 The Saint of Gamblers,1995
The Return of the Cup - The Film,2019
Deep End,1970
Office Killer,1997
Divine,2020
The Marrying Man,1991
Caravaggio,1986
Bill Cunningham: New York,2010
The Mortuary Collection,2019
Random Acts of Violence,2019
Marooned,1969
The Netflix Afterparty The Best Shows of the Worst Year,2020
Sylvia,2003
Pennies from Heaven,1981
Communion,1989
No Safe Spaces,2019
Whisky Galore!,1949
400 Bullets,2021
How to Eat Your Watermelon in White Company,2005
From the Hip,1987
 Enforcement,2020
Mentally Apart,2020
 Winter Nomads,2012
Beyond Borders,2021
 Partner,1968
 The Mummy's Revenge,1975
 The Miracle Fighters,1982
San Francisco,1936
